Subgroup,Sample_Size,Threshold,Accuracy,F1_Score,ROC_AUC,True_High_Health_%
Female_Normal,6,0.5200000000000001,0.8333333333333334,0.9090909090909091,0.6,83.33333333333334
Female_Short,4,0.5200000000000001,0.75,0.8571428571428571,0.6666666666666666,75.0
Other_Short,4,0.5200000000000001,0.75,0.8571428571428571,,100.0
Other_Normal,7,0.5200000000000001,0.7142857142857143,0.8333333333333334,0.6,71.42857142857143
Male_Normal,7,0.5200000000000001,0.7142857142857143,0.8333333333333334,0.6000000000000001,71.42857142857143
Male_Short,4,0.5200000000000001,0.5,0.6666666666666666,0.25,50.0
